{
	"vertices": [
		[
			1.0, 0.8660254038, 0.5, 0.0, -0.5, -0.8660254038, -1.0, -0.8660254038, -0.5, -0.0, 0.5,
			0.8660254038, 0.0
		],
		[-1.0, -1.0, -1.0, -1.0, -1.0, -1.0, -1.0, -1.0, -1.0, -1.0, -1.0, -1.0, 1.0],
		[
			0.0, 0.5, 0.8660254038, 1.0, 0.8660254038, 0.5, 0.0, -0.5, -0.8660254038, -1.0, -0.8660254038,
			-0.5, 0.0
		]
	],
	"edges": [
		[0, 12],
		[0, 1],
		[1, 12],
		[1, 2],
		[2, 12],
		[2, 3],
		[3, 12],
		[3, 4],
		[4, 12],
		[4, 5],
		[5, 12],
		[5, 6],
		[6, 12],
		[6, 7],
		[7, 12],
		[7, 8],
		[8, 12],
		[8, 9],
		[9, 12],
		[9, 10],
		[10, 12],
		[10, 11],
		[11, 12],
		[11, 0]
	],
	"faces": [
		[0, 12, 1],
		[1, 12, 2],
		[2, 12, 3],
		[3, 12, 4],
		[4, 12, 5],
		[5, 12, 6],
		[6, 12, 7],
		[7, 12, 8],
		[8, 12, 9],
		[9, 12, 10],
		[10, 12, 11],
		[11, 12, 0],
		[0, 1, 2, 3, 4, 5, 6, 7, 8, 9, 10, 11]
	]
}
